{"cameraMode":{"drawMode":0,"name":"Shaded","section":"Shading Mode"},"sceneLighting":false,"audioPlay":false,"sceneViewState":{"m_AlwaysRefresh":false,"showFog":false,"showSkybox":false,"showFlares":false,"showImageEffects":false,"showParticleSystems":false,"showVisualEffectGraphs":true,"m_FxEnabled":true},"in2DMode":false,"pivot":{"x":-0.040534622967243198,"y":1.356931447982788,"z":0.042298682034015658},"rotation":{"x":-0.18627260625362397,"y":-0.4026423692703247,"z":0.08405857533216477,"w":-0.8922585844993591},"size":0.17020295560359956,"orthographic":false}